trade_date,Binance_Coin,Bitcoin,Bitcoin_Cash,Bitcoin_SV,Cardano,Chainlink,Crypto_com_Coin,EOS,Ethereum,Huobi_Token,Litecoin,Monero,NEO,Stellar,Tether,Tezos,TRON,UNUS_SED_LEO,USD_Coin,XRP
2019-11-02,0.01241,0.00685,0.04065,0.01741,0.00598,-0.00368,-0.01577,-0.00599,-0.00022,-0.00253,0.00034,0.02338,0.03415,0.02894,0,-0.01424,0.01423,0.01641,0,0.0123
2019-11-03,-0.00296,-0.00963,0.00682,-0.01911,-0.01583,-0.01487,0.01374,-0.01513,-0.00819,-0.01018,0.00051,0.01845,0.00453,-0.03097,0,0.00386,-0.01301,-0.00995,0,-0.01703
2019-11-04,0.02589,0.01901,-0.00294,0.02138,0.03067,0.00746,-0.01577,0.05053,0.02131,0.00255,0.04893,-0.00537,0.03462,0.10043,0,0.02604,0.00663,0.00995,0,0.02935
2019-11-05,-0.00096,-0.00747,0.00635,0.04281,0.02494,-0.00372,-0.01199,0.0481,0.01565,-0.00255,0.02771,-0.00238,-0.02474,0.07287,0,0.03886,0.00106,-0.01512,0,0.00438
2019-11-06,0.00481,0.00196,0.04174,0.00965,0.01407,0.02214,-0.01748,0,0.01202,0.02276,0.01521,0.01934,-0.00718,-0.04645,0,0.09546,0.01678,-0.00875,0,0.02889
2019-11-07,-0.0082,-0.01002,-0.04246,-0.04172,-0.02978,-0.01842,0.05237,-0.03371,-0.01902,-0.00501,-0.03854,-0.01096,0.00897,-0.0446,0.00995,0.17905,-0.02839,0.00604,0.00995,-0.05862
2019-11-08,-0.0476,-0.05121,-0.05433,-0.07027,-0.03119,0.01109,-0.02181,-0.02312,-0.02026,-0.02803,-0.02141,-0.04213,-0.04848,-0.04257,-0.00995,-0.04185,-0.04316,0.00103,-0.00995,-0.05438
2019-11-09,0.00254,0.00099,0.01698,0.04138,0.00349,0.02899,-0.06437,0.02026,0.00444,-0.00778,0.02319,0.02096,0.00187,0.01277,0,0.05811,0.009,-0.01895,-0.00009,0.01164
2019-11-10,0.0368,0.02708,0.03728,0.03589,0.03503,-0.00717,0.02012,0.02546,0.02377,0.0155,0.03005,0.02729,0.03312,0.07175,0,-0.0081,0.02283,0.01769,0.00009,0.00003
2019-11-11,-0.01724,-0.03343,-0.02177,-0.02206,-0.01753,-0.01085,-0.02197,-0.03699,-0.02128,-0.01811,-0.03086,-0.03131,0.0108,0.02001,0,-0.0415,-0.0159,-0.01756,0,-0.01843
2019-11-12,0.03562,0.00659,0.00722,0.00076,0.01318,0.02514,0.00325,0.00866,0.00725,-0.00261,-0.00909,0.00531,0.0841,-0.0349,0,-0.00851,0.02676,0.00089,0,-0.00975
2019-11-13,0.01852,-0.00084,-0.00955,-0.0179,-0.0063,0.06852,-0.00596,0,0.00757,0.01042,-0.00376,0.04813,0.08289,-0.00646,0,-0.03479,0.02512,-0.01594,0,0.00227
2019-11-14,0.00047,-0.01144,-0.02449,-0.02177,-0.00861,0.01316,0.06152,-0.01739,-0.01208,-0.01567,-0.02788,0.00321,-0.03704,-0.02427,0.00995,0.07663,-0.03049,-0.00027,0.00995,-0.00973
2019-11-15,-0.04522,-0.02513,-0.05458,-0.02354,0.01963,-0.00656,-0.03865,-0.02367,-0.02991,-0.04027,-0.02764,-0.05617,-0.05411,-0.03271,-0.00995,-0.04185,-0.0468,0.00233,-0.00995,-0.03285
2019-11-16,-0.00197,0.0069,0.01123,0.00491,0.00449,-0.00992,-0.01022,0.02074,0.01556,0.00274,0.01306,0.00081,0.03426,-0.00595,0.00995,-0.00858,0.00946,0.0119,0.00995,0.00849
2019-11-17,-0.00099,0.00318,0.00388,-0.0008,0.02788,-0.02694,0.02212,0.00293,0.00961,-0.00548,0.01693,0.00209,-0.02435,0.00321,0,0,0.00525,0.00198,0,0.00517
2019-11-18,-0.04751,-0.03182,-0.07156,-0.05335,-0.0363,-0.03473,-0.00994,-0.05716,-0.02494,-0.03352,-0.04762,-0.04543,-0.05837,-0.0546,0,0.05859,-0.08249,-0.0042,0,-0.03686
2019-11-19,-0.03262,-0.01249,-0.02333,-0.06483,-0.02919,-0.02505,-0.05849,-0.02508,-0.01732,-0.0259,-0.02099,-0.0071,0.02665,-0.03809,0,-0.00816,-0.01909,-0.01131,0,0.00331
2019-11-20,-0.02875,-0.02204,-0.0007,-0.03622,-0.03259,-0.01828,-0.00264,-0.016,-0.00997,-0.02062,-0.00595,-0.01212,-0.02057,-0.00379,0,-0.00823,-0.02516,-0.00454,0,-0.02023
2019-11-21,-0.07601,-0.04909,-0.07496,-0.06085,-0.06969,-0.06086,-0.0477,-0.09113,-0.08452,-0.08054,-0.08312,-0.07317,-0.04335,-0.06007,-0.00995,0,-0.07625,-0.01866,-0.00995,-0.03069
2019-11-22,-0.07777,-0.04635,-0.08119,-0.03357,-0.0333,-0.08168,-0.06618,-0.07329,-0.07182,-0.09467,-0.06622,-0.05447,-0.13121,-0.036,0,0.00823,-0.06289,-0.00971,0,-0.0512
2019-11-23,0.05251,0.01378,0.03946,0.11935,0.03166,0.04167,0.02474,0.03365,0.02075,-0.00355,0.02263,0.01625,0.04436,0.01438,0.00995,0.13045,0.04707,0.0231,0.00995,0.01962
2019-11-24,-0.07196,-0.04845,-0.05772,-0.08429,-0.07456,-0.08072,-0.01981,-0.10454,-0.07152,-0.14942,-0.08524,-0.07758,-0.10273,-0.05943,0.00985,-0.03663,-0.08593,-0.01579,0,-0.05663
2019-11-25,-0.00065,0.01384,0.01974,0.04031,0.01284,0.00881,-0.0861,0.03608,0.02523,0.02045,0.02429,0.04024,-0.00219,0.01247,-0.0198,-0.07756,0.02566,-0.0348,-0.00995,-0.02065
2019-11-26,0.01688,0.01006,0.01748,0.03062,0.02588,0,-0.00253,0.03482,0.01686,0.04744,0.03094,0.02983,0.02274,0.0165,0.00995,0,0.07577,0.01003,0.00995,0.01599
2019-11-27,0.03605,0.04249,0.03453,0.00065,0.05409,-0.02217,0.02236,0.02256,0.02676,0.01533,0.01553,0.07879,0.01593,0.00857,0,0.016,0.04639,-0.0053,0,0.01313
2019-11-28,-0.02643,-0.00914,-0.00761,-0.01419,0.0036,0.01778,-0.0322,-0.01876,-0.00847,0.01509,-0.01999,-0.0351,-0.01808,-0.01419,-0.00995,0.01575,-0.01692,0.01076,0,-0.00227
2019-11-29,0.03694,0.03917,0.02737,0.02947,0.05541,0.03037,0.034,0.05884,0.02332,0.04396,0.03794,0.03492,0.04613,0.0158,0,0.02317,0.01964,-0.0077,-0.00995,0.02483
2019-11-30,-0.03439,-0.025,-0.02659,-0.01694,-0.02439,-0.04368,-0.04118,-0.01439,-0.01793,0,-0.02906,-0.02132,-0.03971,0.00823,0,0.01515,-0.04342,0.00335,-0.00234,-0.01639
2019-12-01,-0.01409,-0.01939,-0.0126,-0.03199,-0.02095,-0.03175,-0.02772,0.00722,-0.00889,0.00358,0.00483,-0.02178,-0.00964,-0.02649,0,-0.06204,0.0283,0.00668,-0.00121,-0.00505
2019-12-02,-0.0202,-0.01387,-0.00236,-0.03682,-0.03944,-0.03756,-0.02293,-0.03291,-0.01419,0.0623,-0.04042,0.00818,-0.03505,-0.03511,0,-0.00803,-0.04508,-0.00768,0.00235,-0.02586
2019-12-03,0.00787,-0.00025,-0.01307,-0.04643,-0.00366,0.01896,0.00701,0.00371,-0.00741,-0.01012,-0.00965,-0.01117,0.00223,-0.00175,0,0.03953,0.00026,0.00541,0.00121,0.00132
2019-12-04,-0.00196,-0.00935,-0.01691,-0.00543,-0.0136,-0.03828,0.00734,-0.01869,-0.00821,-0.04153,-0.0042,-0.00714,-0.03049,-0.01007,0.00995,-0.0315,-0.05547,0.00239,0,-0.01615
2019-12-05,0.03093,0.02671,0.01893,0.00512,0.01238,-0.0098,0.12169,0.01869,0.01689,0.00353,0.00243,0.01793,0.01027,0.00178,0,0.03922,0.01226,0.00884,0.00995,0.02996
2019-12-06,-0.00318,0.01316,-0.00033,0.0112,0.01171,0.02913,0.00431,0.01471,-0.0004,-0.00353,0.00813,0.00443,-0.00455,-0.00887,-0.00995,0.05972,0.00696,-0.01183,-0.00995,0.01149
2019-12-07,-0.00255,0.00122,-0.00268,-0.00683,0.01142,-0.01446,0.00054,0,-0.00282,0.00353,-0.00066,0.00863,0.02478,0.00073,0.00995,0.04948,-0.00771,-0.00448,0.00995,0.01295
2019-12-08,0,0.00107,0.00801,0.01135,0.00492,0,-0.0038,0.00727,0.0166,-0.00707,0.00677,-0.00881,0.01106,0.01914,0,0.10467,0.01084,-0.00026,0,0.00867
2019-12-09,-0.01414,-0.02184,-0.02126,-0.02063,-0.03834,0.01446,-0.003,-0.03315,-0.02024,-0.01429,-0.02223,0.00129,-0.03356,-0.03042,-0.00995,-0.03155,-0.01951,0.00006,0,-0.02186
2019-12-10,-0.03223,-0.01673,-0.00741,0.0098,-0.02368,0.08262,-0.01557,-0.0189,-0.01331,-0.02182,-0.0067,-0.02423,-0.01953,-0.0156,0.00995,-0.05264,-0.02208,-0.01132,0,-0.00511
2019-12-11,-0.0094,-0.00837,-0.00539,-0.01843,0.00134,-0.04045,-0.0044,-0.01538,-0.01835,0,-0.01558,0.00113,-0.00932,-0.01722,0,0.06538,0.00184,-0.00673,-0.00995,-0.01008
2019-12-12,0,0.00355,0.00255,-0.01673,0.00185,-0.02791,0.01744,0.00772,0.01376,0.01822,0.00295,0.00451,0.01511,0.00055,0,0.11355,-0.02261,-0.00769,0.00995,-0.00993
2019-12-13,0.00404,0.00366,0.01614,0.00333,0.01043,-0.01905,-0.00037,0.01147,-0.00454,0.0036,0.00836,-0.01303,0.02731,0.00509,-0.00995,0,0.01688,-0.00404,-0.00995,0.00407
2019-12-14,-0.02518,-0.02015,-0.01715,-0.00376,-0.01852,-0.03423,0.01139,-0.01919,-0.01438,-0.02182,-0.01656,-0.01977,-0.0045,-0.02517,0.00995,-0.05219,-0.01113,-0.00599,0.00995,-0.01552
2019-12-15,-0.00138,0.00387,-0.00067,0.00483,0.00619,0.03903,0.02561,-0.00388,0.00168,0.00367,0.00091,-0.01307,0.0101,-0.00534,-0.00995,0,0.00615,-0.0066,0,0.00571
2019-12-16,-0.06633,-0.03122,-0.05049,-0.04239,-0.06725,-0.05407,0.00869,-0.07681,-0.06869,-0.05264,-0.08063,-0.02929,-0.06454,-0.05703,0,-0.00597,-0.03918,-0.00924,-0.00995,-0.05344
2019-12-17,-0.09023,-0.04303,-0.1055,-0.10078,-0.07477,-0.11778,-0.00983,-0.07411,-0.086,-0.07619,-0.08501,-0.09563,-0.06137,-0.09718,-0.00668,-0.08104,-0.07791,0.01123,-0.00127,-0.12051
2019-12-18,0.08876,0.0915,0.06714,0.0636,0.08039,0.06596,0.08385,0.10717,0.0821,0.11407,0.09511,0.06441,0.10789,0.04353,0.01663,0.03822,0.06949,0.00119,0.01123,0.06571
2019-12-19,-0.00667,-0.01022,-0.01113,-0.00919,-0.03577,-0.03244,0.00255,0.00406,-0.02874,0.01109,-0.02131,-0.00125,-0.01488,-0.02306,0,-0.05789,-0.02253,-0.03333,0,-0.02769
2019-12-20,0.00888,0.00222,0.00287,0.03436,0.02239,0.05349,0.06014,0.01207,-0.00194,0.0146,0.00923,-0.01707,-0.00231,0.02861,0,0.05789,0.02909,0.00569,0,0.02329
2019-12-21,-0.0141,-0.00384,-0.00229,-0.0367,-0.02206,-0.02639,-0.03736,-0.01613,-0.00731,0.01795,-0.00722,-0.03305,-0.01046,0.00017,0,-0.07796,0.01012,0.00697,0,-0.00634
2019-12-22,0.0338,0.04359,0.04642,0.03115,0.03556,0.03675,0.04473,0.032,0.03256,0.01764,0.04808,0.04152,0.0412,0.02178,-0.00995,-0.00678,0.09209,0.01733,-0.00995,0.01481
2019-12-23,-0.03455,-0.02098,-0.03172,-0.0195,-0.03742,-0.03142,-0.01885,-0.00394,-0.02882,-0.01054,-0.02705,-0.00253,-0.0377,-0.05312,0.00995,0.03345,-0.07445,-0.05184,0,-0.03112
2019-12-24,0.00522,-0.00451,-0.00537,0.0146,0.02856,-0.0107,0.00029,0.01179,0.00349,0.01054,-0.00417,-0.02416,0.02188,0.0052,0,-0.01325,-0.01529,-0.01706,0.00995,0.00655
2019-12-25,-0.02029,-0.00649,-0.01232,-0.00917,-0.01279,-0.03279,-0.00237,-0.01972,-0.02043,-0.01764,-0.00123,0.00626,-0.0103,-0.0371,-0.00995,-0.06188,-0.0218,0.00787,0,-0.00772
2019-12-26,0.00303,-0.00499,0.00735,0.00929,0.01626,0.03279,0.01193,0.00794,-0.00071,-0.01073,-0.0089,-0.02592,-0.01507,0.0375,0,-0.02878,0.00546,0.01893,0,-0.00171
2019-12-27,0.01129,0.00704,0.07541,0.03311,-0.03506,0.016,0.00668,0.01957,0.0067,0,0.02235,0.00066,0.02538,0.0216,0.00995,0.00727,-0.00839,-0.0182,0,0.00371
2019-12-28,0.02586,0.00382,0.01503,0.04089,0.01594,-0.01064,-0.04481,0.01919,0.00869,0.00359,0.03952,0.00462,0.00114,-0.0205,-0.00995,-0.0369,0.01604,-0.00891,-0.00995,0.01103
2019-12-29,0.03159,0.0142,0.03124,0.06175,0.0192,0.01592,0.02491,0.02256,0.04897,0.00714,0.01919,0.02771,0.05101,0.02331,0,-0.01515,0.01673,0.00857,0.00995,0.01962
2019-12-30,-0.01424,-0.01762,-0.01686,-0.03426,-0.02033,-0.03209,-0.02747,-0.01498,-0.01593,-0.00714,-0.02129,-0.00707,-0.02518,-0.00569,0.00995,0.01515,-0.02527,-0.00947,0,-0.01316
2019-12-31,-0.0159,-0.01372,-0.02309,0.00103,-0.02255,-0.03879,-0.01049,-0.02677,-0.02303,-0.01444,-0.03354,-0.04239,-0.03727,-0.01601,-0.01027,0.01493,-0.00704,0.00007,-0.00995,-0.00816
2020-01-01,-0.00292,0.00091,-0.00108,0.00124,0.01849,0.02235,0.01175,0.00772,0.00914,0.02514,0.01632,0.02613,0.01824,0.00501,0.00016,0.01471,-0.00422,0.00449,0,-0.00118
2020-01-02,-0.04941,-0.03027,-0.0435,-0.04589,-0.02136,-0.03944,-0.03337,-0.05535,-0.02626,-0.02514,-0.05378,0,-0.04153,-0.0299,0.00016,-0.0997,-0.0291,0.00227,0.00995,-0.02429
2020-01-03,0.04722,0.05017,0.12794,0.10006,0.04271,0.03944,0.05356,0.07062,0.0517,0.03572,0.06325,0.1104,0.04604,0.02512,0,0.03175,0.04296,0.03545,0,0.02872
2020-01-04,0.0167,0.00892,0.0161,0.06654,0.01207,0.01644,0.00066,0.0113,0.00669,0.02426,0.02123,-0.01082,0.02883,0.02269,0.00995,-0.01575,0.00638,0.00047,0,0.0043
2020-01-05,0.01571,0.00009,-0.00853,0.01088,0.00364,-0.01644,-0.00205,0.01117,0.00892,0.00683,0.00506,0.06807,-0.00878,-0.01993,0,0,0.00752,0.00597,0,0.00606
2020-01-06,0.0585,0.04716,0.08737,0.06071,0.0709,0.06936,0.05373,0.05757,0.05718,0.03673,0.05081,0.08619,0.07434,0.07974,-0.00995,0.03892,0.06569,0.01703,-0.00995,0.12472
2020-01-07,0.00334,0.04953,-0.00533,-0.03235,-0.00605,0.084,0.04523,-0.0035,-0.00528,0.02908,0.01301,-0.00255,0.0051,0.01443,0,-0.00766,-0.0121,0.01595,-0.0005,-0.03488
2020-01-08,-0.0277,-0.01032,-0.00908,0.00096,-0.01666,0.03264,0.05034,-0.02128,-0.01601,-0.02255,-0.01673,0.01082,-0.02998,-0.02275,0,0.02281,-0.02138,0.01769,0.0005,-0.02313
2020-01-09,-0.00687,-0.02516,-0.00766,0.03079,-0.00209,0.00458,-0.03677,-0.01081,-0.01627,-0.00326,-0.00946,-0.00438,-0.00949,-0.04748,0.00995,-0.03054,-0.00043,-0.03576,0.00995,-0.01994
2020-01-10,0.0359,0.03584,0.12374,0.37412,0.01406,0.01361,0.04339,0.07333,0.03521,0.01621,0.07476,-0.0107,0.04353,-0.00121,-0.00995,0.01538,0.03843,0.00073,-0.00995,0.03551
2020-01-11,-0.00534,-0.01592,-0.03783,-0.12711,-0.00133,0.02667,-0.0052,0.00671,-0.00718,0.01595,0.01082,-0.00205,-0.0143,0.02438,0,0,0,-0.01254,0,-0.00215
2020-01-12,0.02445,0.01909,0.02859,0.09052,0.02322,-0.01325,0.02131,0.06475,0.02036,-0.0224,0.03628,0.01477,0.05504,0.01611,0,0,0.02447,0.01278,0,0.01769
2020-01-13,-0.00589,-0.00591,-0.00269,0.05494,-0.0194,-0.02703,0.00226,-0.0254,-0.01131,-0.01303,-0.02678,-0.02233,-0.02066,-0.00409,0,-0.02317,-0.01819,-0.02781,0,-0.01409
2020-01-14,0.08794,0.0806,0.26948,0.88581,0.11954,0.08739,0.05871,0.20824,0.14034,0.06043,0.16208,0.07966,0.11091,0.07971,0,0.03832,0.12835,0.05653,0,0.09876
2020-01-15,0.05953,-0.00235,-0.0315,-0.30132,0.02121,0.00418,0.04205,-0.01579,0.00163,0.01227,-0.00738,0.08422,0.01589,0.05004,-0.00034,0.00749,0.03318,0.01281,0,-0.00767
2020-01-16,-0.03283,-0.00949,-0.04034,0.00038,-0.02769,0.03279,0.0118,0.01579,-0.01113,-0.01227,-0.00743,-0.0397,-0.01322,-0.01918,-0.00043,0.10611,-0.00959,-0.05016,0,-0.01873
2020-01-17,0.06021,0.02326,0.11847,-0.08843,0.08311,0.09237,0.02185,0.02323,0.03813,0.01227,0.065,0.05192,0.05355,0.1109,0.00077,-0.00673,0.03145,0.03701,0,0.04367
2020-01-18,-0.0178,0.00154,-0.07895,-0.13917,-0.00283,0.01822,0.00381,-0.02584,0.02652,-0.01846,-0.03441,-0.02919,0.00084,0.0182,0,0.00673,0.00283,0.01805,0.00995,0.01871
2020-01-19,-0.02558,-0.02681,-0.00239,0.10551,-0.06618,-0.05567,-0.02017,-0.05378,-0.04908,-0.02198,-0.02747,-0.03114,-0.05706,-0.01833,-0.00147,-0.04812,-0.06386,-0.043,-0.01266,-0.03217
2020-01-20,-0.00231,-0.0056,0.01613,0.0857,0.04413,0.03008,0.01677,-0.00277,0.0009,0.00633,-0.01043,-0.00215,-0.00894,0.03277,0.00147,0.11308,0.00036,-0.0021,0.00271,-0.00976
2020-01-21,0.04513,0.01014,-0.00113,0.04165,0.0471,-0.01117,0.01015,0.01376,0.01532,0.028,0.00784,0.01482,0.00716,0.00604,0,-0.03847,0.0402,0.03178,0,0.01645
2020-01-22,-0.01837,-0.00746,0.01103,-0.01803,-0.00731,-0.00752,0.00951,-0.00274,-0.00834,-0.00307,0.01207,-0.0142,0.00178,-0.04139,0,0.03847,0.0026,-0.00627,0,-0.00469
2020-01-24,-0.04305,-0.0275,-0.08317,-0.14588,-0.01434,-0.05827,-0.02961,-0.00274,-0.03163,-0.04082,-0.06771,-0.05159,-0.0643,-0.04414,0,-0.04502,-0.05581,0.02236,0,-0.05671
2020-01-25,-0.00411,-0.00923,-0.02587,-0.0194,-0.0398,-0.01613,-0.01005,-0.03069,-0.01091,-0.00966,-0.01534,-0.00389,-0.0153,-0.02231,0,-0.01325,-0.013,-0.00548,0,-0.01179
2020-01-26,0.02673,0.027,0.10837,0.04609,0.03036,0.04374,0.02531,0.03343,0.0413,0.01923,0.04568,0.03749,0.03874,0.04421,0,0.01325,0.03667,-0.01311,0.00995,0.04549
2020-01-27,0.01423,0.03576,0.04411,0.09109,0.07206,0.01544,0.03476,0.08152,0.01681,0.01575,0.04437,0.02642,0.03013,0.01815,0,0.00656,0.01951,0.00354,0.00985,0.00232
2020-01-28,0.02402,0.04914,0.04373,-0.01879,0.09822,0.01898,0.0639,0.02247,0.03133,0.0155,0.03199,0.03211,0.02311,0.01097,0,0.01299,0.08279,0.00304,0,0.03094
2020-01-29,-0.01166,-0.00449,0.007,-0.02331,0.01235,0.04772,-0.00548,-0.01744,-0.00751,0.04217,-0.00977,0.03368,-0.01149,0.02353,0,0.01282,0.0037,0.00175,0.00976,-0.01163
2020-01-30,0.03726,0.02044,0.02957,0.03699,0.04666,0.04211,0.01639,0.08659,0.05361,0.03193,0.12618,0.06815,0.04263,-0.00865,0,0.06772,0.04275,-0.02034,0.00966,0.03301
2020-01-31,-0.02065,-0.0168,-0.04577,-0.09257,-0.04146,-0.03142,0.00727,-0.04718,-0.02483,-0.01729,-0.00412,-0.03931,-0.02327,0.00565,0,-0.01198,-0.0428,-0.01654,-0.00966,-0.01826
2020-02-01,0.00055,0.00452,0.01486,0.02268,0.04185,0.00707,-0.01212,0.00482,0.0193,0.00868,0.0424,0.01719,-0.00262,-0.01777,0,0.04707,0.02024,-0.00072,0,0.00925
2020-02-02,0.01254,-0.00518,-0.00722,-0.00688,-0.00579,-0.00353,0.02893,0.01432,0.02659,0.00288,-0.00837,0.02292,0.05361,0.0468,0,0.09322,0.00377,0.01792,0,0.03771
2020-02-03,0.00054,-0.00546,0.01472,0.01431,0.02148,-0.02143,-0.01179,-0.00475,0.00661,-0.00866,-0.00643,0.02344,-0.01587,0.01089,-0.00109,0.04604,0.00428,-0.0047,0,0.01541
2020-02-04,-0.01528,-0.01219,-0.00858,-0.03137,-0.0174,-0.01089,0.04311,0.01183,-0.00327,-0.00581,-0.0229,-0.02038,0.02412,0.03422,0.00109,-0.04082,0.00223,0.01577,-0.00976,0.04673
2020-02-05,0.05563,0.04603,0.14958,0.09402,0.05616,0.03936,0.04074,0.06159,0.07618,0.0428,0.061,0.0355,0.04656,0.03618,0,0.10848,0.07572,0.00858,0.00976,0.03918
2020-02-06,0.06934,0.01203,0.00176,-0.01087,0.00884,0.01047,0.01263,0.01319,0.03894,0.03297,0.01234,0.00128,0.01014,0.02595,-0.00279,0.0093,0.08127,-0.003,-0.00976,0.01696
2020-02-07,0.06847,0.00677,-0.00689,0.00017,0.00055,0.13916,0.00393,0.00436,0.04777,0.05264,0.01313,0.01878,-0.00701,0.01526,0.00054,0.01379,-0.02126,0.02577,0,-0.01044
2020-02-08,-0.01277,0.00704,0.00851,0.12851,0.00257,0.02976,0.00317,0.03419,0.00188,-0.01811,0.02798,0.01373,-0.00706,-0.01084,0.00179,0.04465,-0.00952,0.01069,0,-0.00733
2020-02-09,0.1099,0.02518,0.0141,0.04034,0.03064,0.02032,0.03656,0.05119,0.02404,0.0359,0.00808,0.08264,0.10741,0.0274,0.00047,0.14223,0.00829,0.03094,0,0.01863
2020-02-10,0.03675,-0.02604,0.00682,0.00646,-0.02316,-0.02032,-0.01696,-0.02016,-0.02239,0.17092,-0.03632,-0.03248,-0.03894,-0.02737,0,-0.0076,0.00881,0.03128,0,-0.03011
2020-02-11,0.01652,0.03505,0.01831,0.03085,,0.15457,0.03047,0.06695,0.0537,-0.01497,0.02995,0.05728,0.01315,0.03992,-0.00158,0.10154,0.02009,0.03344,-0.00985,0.02187
2020-02-12,0.03186,0.01147,0.03036,0.00909,0.12409,0.01248,0.028,0.01887,0.11808,0.05043,0.05955,0.05859,0.07276,0.08197,0.00158,0.13525,0.0572,-0.00976,0.01961,0.08303
2020-02-13,-0.03969,-0.01087,-0.00244,-0.02116,0.00304,-0.04051,0.0305,-0.00187,0.01008,-0.0228,-0.01113,-0.02962,0.02004,0.03215,-0.00142,-0.06213,-0.00652,-0.0198,-0.00976,0.07074
2020-02-14,0.03325,0.00952,0.03489,0.00375,0.02873,0.13062,0.04544,0.00374,0.05839,0.05506,0.03171,0.0252,0.09819,0.0373,0.00142,0.10632,0.09836,-0.01505,0,0.02454
2020-02-15,-0.08528,-0.04185,-0.11533,-0.15036,-0.10001,-0.02526,-0.10169,-0.12293,-0.07104,-0.03021,-0.0813,-0.06481,-0.10616,-0.07942,-0.00087,-0.08727,-0.10987,-0.01879,-0.00985,-0.08924
2020-02-16,-0.02856,0.00454,-0.0509,-0.08129,-0.01911,0.04546,-0.00783,-0.07216,-0.01845,0.03417,-0.01794,-0.00508,-0.01545,-0.05402,0.00014,0.02177,-0.04874,0.00125,0,-0.03727
2020-02-17,0.0034,-0.0249,-0.01599,0.07923,-0.04258,-0.04546,-0.06464,-0.0137,0.02459,-0.06533,-0.02561,-0.07051,0.01545,-0.04395,-0.0008,-0.03125,-0.03331,0.01388,0,-0.0291
2020-02-18,0.02142,0.04558,0.02301,-0.00107,0.04167,0.05431,0.05889,0.0537,0.05685,0.04537,0.05045,0.04392,0.03021,0.03811,0.00153,0.09097,0.03802,0.00399,0.00985,0.03881
2020-02-19,-0.07462,-0.05145,-0.09156,-0.06821,-0.08241,-0.03132,-0.03119,-0.13509,-0.08194,-0.03488,-0.07968,-0.09637,-0.09279,-0.05397,0,0.03139,-0.10502,0.00402,-0.00985,-0.07061
2020-02-20,-0.00449,-0.00259,-0.02581,-0.01125,0.01061,-0.02999,-0.03428,0,-0.00699,-0.00839,-0.0216,-0.02054,-0.00142,0.00633,0,0.01395,-0.02229,-0.00251,0,-0.01893
2020-02-21,-0.00225,0.00808,0.01841,0.01371,0.0065,0.00467,0.01381,0.01485,0.02923,0.0042,0.05355,0.04842,-0.00213,0.01096,0,-0.03381,0.01632,-0.03042,0,0.00929
2020-02-22,-0.00951,-0.0024,-0.01479,-0.0317,-0.0052,-0.0453,0.00756,0.01221,-0.01239,-0.05383,0.02262,-0.01643,-0.01942,-0.03627,0,-0.05295,-0.00561,-0.00822,-0.01003,0.0035
2020-02-23,0.0384,0.02669,0.07176,0.04865,0.05298,0.03358,0.04618,0.0612,0.04261,0.05383,0.05704,0.07206,0.03986,0.05951,-0.00198,0.05867,0.05892,-0.00208,-0.00264,0.02438
2020-02-24,-0.03522,-0.02803,-0.06177,-0.05952,-0.04234,-0.08103,-0.02755,-0.05635,-0.03166,-0.02333,-0.0516,-0.07169,-0.07009,-0.05966,0.00078,-0.09873,-0.07028,-0.00237,0.00226,-0.04368
2020-02-25,-0.08027,-0.03249,-0.06454,-0.06563,-0.04503,-0.10792,-0.01588,-0.01215,-0.06786,-0.08506,-0.05945,-0.02976,-0.07135,-0.06022,0.0012,-0.12014,-0.04143,-0.04304,0.00046,-0.06572
2020-02-26,-0.07873,-0.05741,-0.11147,-0.14352,-0.13081,0.02532,-0.10863,-0.1416,-0.09358,-0.04541,-0.15417,-0.08022,-0.1203,-0.09671,0,-0.01789,-0.14526,0.02398,0,-0.09324
2020-02-27,0.01688,-0.00409,0.02078,0.00673,0.00468,0.09278,0.01078,0.01399,0.00473,0.03129,0.00816,-0.01507,0.03737,0.01187,-0.00159,0.01077,0.02759,0.02268,0,0.02678
2020-02-28,-0.01422,-0.01284,-0.03034,-0.04783,-0.02175,0.0518,-0.0056,-0.02532,0.00004,0.10132,-0.02886,-0.02421,-0.01585,-0.02884,-0.00133,-0.01439,0.00694,0.00557,-0.00704,-0.00346
2020-02-29,0.038,-0.00845,-0.01704,-0.01719,-0.02236,-0.01209,-0.01848,0.00851,-0.03095,0.03988,-0.02063,-0.02466,-0.00623,-0.01467,0.01287,0,-0.02535,0.01107,0.00704,-0.02183
2020-03-01,-0.03218,-0.00432,0.01599,0.07367,-0.03443,-0.05759,0.01183,-0.00283,-0.00401,-0.05498,-0.00996,-0.02667,0.01506,-0.02118,-0.00995,-0.05206,-0.00785,-0.00832,0,-0.0102
2020-03-02,0.04386,0.03525,0.0723,0.09546,0.0637,0.084,0.03917,0.04433,0.05162,0.03419,0.05112,0.05616,0.05393,0.05118,-0.00501,0.05928,0.05862,-0.00173,-0.00581,0.04236
2020-03-03,-0.00862,-0.00927,-0.02267,-0.0198,-0.00393,0.08186,0.02657,-0.01364,-0.02677,-0.02553,0.00229,-0.03643,-0.03476,-0.01453,0.00501,-0.00722,-0.01289,-0.00055,0.00581,-0.01846
2020-03-04,0.01616,-0.00371,-0.03081,-0.06391,0.00497,0.01302,0.00199,-0.01105,0.00018,0.00215,-0.01251,-0.00288,0.01371,0.00412,0,0.09663,0.02516,-0.00207,0,0.00064
2020-03-05,0.04122,0.03628,0.05482,0.03985,0.04104,0.01709,0.01567,0.04879,0.02094,0.0107,0.02728,0.0415,0.02853,0.01969,0,0.01631,0.01017,0.01222,0,0.02131
2020-03-06,0.02328,0.00481,0.03396,0.01832,0.00763,-0.00851,-0.00876,0.01314,0.06034,0.00847,0.01567,0.00422,0.02128,0.02353,-0.00157,0.0224,0.01904,-0.00062,-0.00257,0.01863
2020-03-07,-0.05355,-0.02358,-0.05321,-0.04524,-0.04987,-0.07542,-0.01409,-0.0454,-0.0236,-0.01917,-0.04014,-0.05181,-0.06093,-0.04637,0.00157,-0.0553,-0.06731,0.00403,0.00257,-0.02917
2020-03-08,-0.17324,-0.0943,-0.18042,-0.16829,-0.12275,-0.05933,-0.09556,-0.17253,-0.16988,-0.0923,-0.15743,-0.1492,-0.13723,-0.14068,0.00995,-0.13976,-0.13701,0.02516,0.00995,-0.1361
2020-03-09,-0.02385,-0.02302,-0.01088,0.00619,-0.04269,-0.00736,-0.04067,-0.00651,0.00646,-0.03602,-0.03062,-0.02007,-0.026,0.02291,-0.0109,-0.03125,0.00817,-0.01315,-0.00995,0.01094
2020-03-10,0.01854,-0.00176,-0.00547,-0.00176,0.00031,0.00491,-0.00063,0.00651,-0.00606,-0.01726,0.00179,-0.00544,0,0.00133,0.00095,0.0274,0.00784,0.00574,0,0.01449
2020-03-11,-0.02156,0.00021,-0.01805,-0.04275,-0.04551,-0.06585,-0.00128,-0.00651,-0.02983,-0.01,-0.03647,-0.0154,-0.04773,-0.0313,-0.00119,-0.03138,-0.0181,-0.00151,-0.00269,-0.01969
2020-03-12,-0.54281,-0.46473,-0.5614,-0.56029,-0.50364,-0.61754,-0.49043,-0.50323,-0.55071,-0.49751,-0.44901,-0.49421,-0.46682,-0.40995,0.04998,-0.60547,-0.52315,0.00314,0.04191,-0.39897
2020-03-13,0.12056,0.11269,0.14794,0.10554,0.17126,0.16106,0.12104,0.12675,0.17023,0.19123,0.19101,0.10977,0.04475,0.1673,-0.04916,0.2505,0.15285,-0.04616,-0.03922,0.13208
2020-03-14,-0.06583,-0.06754,-0.0518,-0.0387,-0.08925,-0.12296,-0.06299,-0.06899,-0.07715,-0.0312,-0.08468,-0.01697,-0.0653,-0.05817,0.00037,-0.10789,-0.04819,-0.0039,0,-0.0787
2020-03-15,0.02916,0.03624,0.06206,0.05552,0.04183,-0.01412,0.02145,0.0449,0.01529,0.07461,0.05761,0.04982,0.03736,0.02607,0,-0.02564,0.05791,-0.0384,0,0.0439
2020-03-16,-0.106,-0.07264,-0.04338,-0.11503,-0.11719,-0.17007,-0.03513,-0.08657,-0.12398,-0.07461,-0.1028,-0.11837,-0.10907,-0.08504,-0.003,-0.16176,-0.07871,-0.02817,-0.0014,-0.08711
2020-03-17,0.07091,0.04125,0.05465,0.06551,0.04547,0.03315,0.07168,0.02625,0.02966,0.02435,0.02047,0.04481,0.0275,0.0461,-0.02114,0.02264,0.03333,0.03449,-0.02882,0.02424
2020-03-18,0.00396,0.00245,-0.0069,0.0198,0.00368,0.02681,0.02249,0.01031,0.00787,0,0.00357,0.01543,0.00361,-0.02311,-0.00195,0.01482,0.00494,0.04371,-0.00012,-0.0099
2020-03-19,0.19346,0.1671,0.2115,0.26984,0.18389,0.17435,0.14128,0.16072,0.17344,0.12577,0.14845,0.13471,0.15954,0.14261,0.02609,0.18721,0.16089,0.04256,0.03033,0.14263
2020-03-20,-0.03312,0.00123,-0.03145,0.02533,-0.03621,0,-0.02747,-0.04009,-0.02859,-0.00608,-0.02435,,-0.03756,-0.0387,-0.00245,0.01813,-0.03684,-0.00146,-0.00342,-0.05077
2020-03-21,0.01504,-0.00221,0.02282,0.04494,0.00157,0.00885,-0.02358,0.03572,0.0006,0.0241,0.00549,0.00122,-0.0048,-0.00762,0.00245,-0.01205,-0.00151,0.00855,0.00342,0.00832
2020-03-22,-0.07756,-0.05908,-0.07426,-0.06098,-0.08234,-0.13165,-0.04965,-0.06805,-0.07421,-0.06454,-0.07331,-0.07073,-0.04423,-0.06298,-0.00097,-0.11551,-0.08006,0.00247,-0.00407,-0.05167
2020-03-23,0.08252,0.09578,0.07408,0.06579,0.07099,0.11834,0.11278,0.06805,0.08983,0.05557,0.08446,0.14087,0.10032,0.05395,-0.00222,0.12756,0.08495,0.00995,-0.00495,0.04685
2020-03-24,0.02284,0.04844,0.03547,0.05456,0.0365,0.03077,0.08279,0.03449,0.02814,0.02374,0.04341,0.0666,0.04155,0.02627,0.00319,0.05249,0.02009,0,0.00499,0.03026
2020-03-25,-0.00647,-0.00801,-0.03043,-0.02856,-0.02433,-0.02188,-0.00783,-0.02575,-0.01862,-0.0118,-0.03365,-0.00276,0.0058,0.00678,-0.00141,-0.02882,-0.01118,0,0.00155,-0.00384
2020-03-26,0.07051,0.00528,0.02853,-0.00243,0.04286,0.01754,0.0398,0.00434,0.01573,0.00592,0.02547,0.0646,0.01292,0.04715,-0.00011,0.02312,0.0418,0,-0.00348,0.07957
2020-03-27,-0.0544,-0.03741,-0.04159,-0.03378,-0.04752,-0.05818,0.00208,-0.03077,-0.03247,-0.02691,-0.03136,-0.03528,-0.05573,-0.03264,0.01147,-0.08338,-0.03812,0.00985,0.01591,0.0067
2020-03-28,-0.02671,-0.03581,-0.01556,-0.06042,0.01591,-0.01392,-0.06479,-0.01348,-0.02227,-0.0122,-0.00129,-0.02762,0,-0.02998,-0.01025,-0.03155,-0.00219,-0.00985,-0.01308,-0.00234
2020-03-29,-0.0635,-0.05265,-0.0369,-0.05653,-0.05248,-0.05277,-0.02241,-0.03687,-0.04218,-0.05033,-0.04043,-0.06622,-0.06544,-0.0468,0.0003,-0.05264,-0.05898,0.00985,-0.01907,-0.07043
2020-03-30,0.07167,0.08227,0.0705,0.11479,0.0559,0.05743,0.13615,0.05035,0.05665,0.05949,0.04735,0.05877,0.06544,0.05312,0.00995,0.09038,0.06832,0.01942,0.03216,0.04966
2020-03-31,0.02332,0.00137,-0.00866,-0.00627,0.02251,0.05431,0.02865,-0.00897,0.00518,0.00908,0.00408,0.02115,0.02532,0.01572,-0.00995,0,0.01003,0,-0.00995,0.0138
2020-04-01,0.01264,0.02578,0.01979,0.0156,0.00984,0.0044,0.00412,0.02227,0.01516,0.02087,0.00203,0.01516,0.0044,-0.00073,0,0,-0.00431,0.00957,-0.00426,0.00434
2020-04-02,0.02557,0.02789,0.0378,0.04168,0.03594,0.00873,-0.03252,0.01313,0.04611,0.01173,0.01237,0.04534,0.02459,0.01186,0,0.0304,0.03397,-0.00957,0.00386,0.01874
2020-04-03,0.02269,-0.00891,0.01349,0.01956,0.00968,0.00434,0.0029,0.01724,0.00042,0.02874,0.01222,0.04224,0.00428,0.00647,0,0.00597,-0.00586,0,0.0004,0.00462
2020-04-04,0.0331,0.01973,0.01268,0.00369,0.00648,0.00862,0.00861,0.01274,0.02179,0.04973,0.0079,0.02481,0.02528,0.00891,0,0.01183,0.00778,-0.00966,0,0.01254
2020-04-05,-0.00653,-0.01119,-0.02897,-0.02491,-0.01556,-0.02169,0.01267,-0.00423,-0.01157,0.00538,-0.00025,-0.01466,-0.02244,0.03617,0,-0.0178,0.04919,0,0,-0.01288
2020-04-06,0.09379,0.06838,0.09813,0.08829,0.10697,0.09611,0.06958,0.14564,0.16404,0.05223,0.08752,0.08748,0.09724,0.12896,-0.00719,0.12375,0.08039,0,-0.00328,0.08594
2020-04-07,-0.02688,-0.0132,-0.0152,-0.03284,-0.01354,0.08035,-0.00709,-0.03732,-0.02418,-0.01023,0.00629,-0.04287,-0.00905,-0.02366,0.00582,0.03637,-0.02912,-0.00976,-0.0004,-0.01761
2020-04-08,0.02556,0.02174,0.05473,0.16088,0.03295,0.14359,0.03749,0.03732,0.04466,0.01783,0.03627,0.02855,0.03446,0.05371,0.0005,0.08786,0.03183,0,-0.00048,0.04467
2020-04-09,0,-0.00437,-0.03346,-0.01084,-0.0032,0.05574,-0.01129,0,-0.01066,-0.01271,0.00129,0.01637,0.00999,0.0205,0.00088,-0.01412,-0.01382,0,0.00416,-0.01309
2020-04-10,-0.09173,-0.06165,-0.09952,-0.14094,-0.086,-0.03058,-0.07104,-0.08801,-0.07537,-0.0743,-0.09279,-0.0871,-0.0978,-0.08522,0,-0.10483,-0.08052,0,-0.00103,-0.05598
2020-04-11,0.00436,-0.00093,-0.00447,-0.00252,0.00418,0.01846,0.00451,0,-0.0012,0.0191,0.00118,-0.00075,-0.00137,0.03623,-0.00189,0.03618,0.00168,-0.00985,-0.00398,0.00319
2020-04-12,0.04117,0.0162,0.01599,0.03652,0.01346,0.05343,0.01297,0.01193,0.01829,0.02139,0.00307,0.00744,0.02171,-0.00222,0.01184,0.0201,0.03301,0.00985,0.00501,0.01096
2020-04-13,0.04421,-0.01825,-0.05197,-0.02609,-0.02089,-0.02636,-0.0147,-0.03213,-0.03062,-0.016,-0.02989,-0.01927,-0.02308,-0.02254,-0.00995,-0.03545,-0.02488,0,-0.00158,-0.01272
2020-04-14,0.03273,-0.00038,-0.00843,0.00297,-0.00403,-0.03934,0.00329,0.00407,0.00841,-0.00269,-0.00365,0.01648,-0.00689,-0.00257,-0.0032,0,-0.01376,-0.00985,-0.0025,-0.01285
2020-04-15,-0.06244,-0.02971,-0.02953,-0.03453,-0.03427,-0.03454,-0.03292,-0.02469,-0.02773,-0.01084,-0.03621,-0.01271,-0.03233,-0.03818,0.00273,-0.02083,-0.01526,0.00985,0.00374,-0.02218
2020-04-16,0.07332,0.06903,0.08909,0.06657,0.07684,0.10312,0.04977,0.10286,0.11609,0.04267,0.07539,0.06783,0.08487,0.05687,0.00047,0.10008,0.06469,0.00976,0.00034,0.04758
2020-04-17,0.00254,-0.0029,-0.0084,-0.00195,0.00478,0.00288,-0.00302,-0.00755,-0.00303,0,0.0014,-0.00582,-0.01188,-0.00112,0.00995,0,-0.00292,0.00966,0.00995,0.00052
2020-04-18,0.05259,0.0225,0.03969,0.04626,0.05569,0.08269,0.02009,0.03352,0.08523,0.02832,0.03697,0.0248,0.04543,0.02875,-0.00995,0.10393,0.02768,-0.00966,-0.01007,0.02453
2020-04-19,-0.0275,-0.00945,-0.03982,-0.03882,-0.02037,-0.03774,-0.00618,-0.04113,-0.02877,-0.01277,-0.03978,-0.00901,-0.02571,-0.02592,0.00995,-0.02609,-0.02553,0.00966,0.01007,-0.02108
2020-04-20,-0.06727,-0.04371,-0.05283,-0.05577,-0.04684,-0.05072,-0.04782,-0.03892,-0.05262,-0.03932,-0.04314,-0.04231,-0.05486,0.01589,-0.00995,-0.05897,-0.04032,0,-0.00995,-0.03937
2020-04-21,0.00792,-0.00024,0.00081,-0.00612,0.01519,0.00576,-0.01553,0.00791,0.00255,-0.00805,0.00513,0.00561,0.00137,0.02421,0.00995,0.0093,0.0055,0,0,0.00456
2020-04-22,0.03107,0.03385,0.05077,0.04396,0.05219,0.05588,0.04774,0.03101,0.05551,0.03444,0.0205,0.02602,0.03376,0.06774,-0.00995,0.07576,0.03052,0,0,0.01957
2020-04-23,0.02019,0.04297,0.01405,0.00782,0.10496,0.0135,0.03901,0.0189,0.01322,0.02062,0.02476,0.03424,0.03651,0.11897,-0.00231,0.06239,0.04358,0,-0.00621,0.01971
2020-04-24,0.00062,0.01618,0.01331,0.00443,0.03063,0.01859,0.01627,0.01855,0.0225,0.0202,0.04263,0.0359,0.04016,-0.00203,0.01226,0.09604,0.03373,0.00957,0.01616,0.01014
2020-04-25,0.01794,0.00252,-0.00021,0.0019,0.01282,0,0.01679,0,0.03265,-0.00501,-0.00223,-0.00394,0.04097,0.00874,-0.00995,0.05001,-0.00007,0,-0.00995,0.00715
2020-04-26,0.00428,0.01442,0.02696,0.00368,0.07867,-0.02128,0.01942,0.00733,0.00916,0.01248,-0.00045,0.0082,0.01871,0.00557,0,-0.03546,0.01656,0,-0.00104,0.00894
2020-04-27,0.00487,0.01496,-0.01226,-0.00888,0.01561,-0.02174,0.01475,0.00364,-0.00051,0.00742,0.00045,0.01877,-0.02226,0.07499,0,-0.00725,0.02097,0,0.00104,0.00594
2020-04-28,-0.00122,0.00147,0.00177,0.00806,0.01267,0.01093,0.01902,0.01085,0.00607,0.00246,0.0291,0.00176,0.01061,0.02426,0.00995,0,0.05618,0,0,0.08473
2020-04-29,0.06191,0.11984,0.05504,0.06301,0.09107,0.06062,0.09048,0.08281,0.08937,0.05961,0.06619,0.06279,0.08211,0.0471,0,0.0702,0.0578,0.01887,0.00995,0.05396
2020-04-30,-0.02665,-0.01632,-0.03016,-0.00005,-0.07737,-0.04981,-0.07544,-0.06498,-0.04415,-0.02579,-0.05153,-0.06311,-0.03629,-0.06647,0,-0.06657,-0.06543,0,-0.00995,-0.06668
2020-05-01,0.03065,0.02354,0.02915,0.02419,0.06892,0.016,-0.00071,0.02098,0.03139,0.00946,0.02286,0.02044,0.01556,0.07845,0,0.01795,0.03946,0,0,0.03003
2020-05-02,0.00114,0.01387,0.0183,0.00019,-0.00481,0.01053,0.04016,0.02055,0.00517,0.00703,0.03435,0.01324,0.01857,0.02997,-0.00995,0.00709,0.02988,0,0,0.02106
2020-05-03,-0.02593,-0.01019,-0.0367,-0.02284,-0.04173,-0.02653,-0.00793,-0.038,-0.02065,-0.01887,-0.02435,-0.03432,-0.01747,-0.03156,0,-0.03232,-0.02192,-0.00939,-0.0007,-0.0203
2020-05-04,-0.00175,0.0017,-0.02839,-0.01517,0.01491,0.01335,0.01122,-0.02135,-0.01317,0.00712,-0.01671,-0.01924,-0.00221,0.00861,0.00995,0.01808,0.01776,-0.00948,0.0007,-0.00206
2020-05-05,-0.01058,0.01009,-0.00359,0.00843,-0.00618,-0.02145,0.03581,-0.0036,-0.00675,-0.01189,-0.01443,-0.01431,0.00441,-0.01769,-0.00995,-0.01444,-0.02515,-0.02899,-0.00088,-0.01148
2020-05-06,-0.01549,0.02908,0.00502,-0.01111,0.00825,-0.01364,0.03211,-0.02931,-0.01319,-0.0048,-0.01833,-0.03095,0.01959,-0.01741,0.0198,-0.01835,-0.00466,0.04786,0.01083,-0.00581
2020-05-07,0.02079,0.07108,0.02745,0.0242,0.02655,0.02977,0.0165,0.02569,0.03954,,0.02981,0.09773,0.06467,0.01569,-0.0198,0.02198,0.0143,0,-0.00995,0.01708
2020-05-08,0.01343,-0.011,0.03416,0.0029,0.02315,0.01849,0.03067,0,0.00329,0.0048,0.01155,-0.01326,0.14196,0.0113,0,0,0.01662,-0.00939,0,0.00415
2020-05-09,-0.01755,-0.0256,0.01782,0.00223,-0.0109,0.05599,-0.01792,0,-0.00655,-0.01446,-0.01282,-0.00725,-0.03206,-0.01615,0,0.02505,-0.00781,0.00939,0,-0.0134
2020-05-10,-0.10182,-0.09134,-0.13384,-0.12679,-0.0817,-0.07183,-0.04963,-0.11914,-0.11507,-0.06519,-0.10944,-0.07178,-0.12209,-0.11244,0,-0.10418,-0.12582,0.02765,0,-0.09029
2020-05-11,-0.01316,-0.01782,0.00919,0.01198,0.009,-0.04627,0.01,-0.01646,-0.01437,-0.02625,-0.01594,0.01182,-0.01235,-0.02398,-0.00164,-0.0482,-0.01844,-0.00913,-0.00268,-0.02097
2020-05-12,0.04151,0.02329,-0.00782,-0.00859,0.04696,0.02747,0.01009,0.01237,0.01812,0.03142,0.00978,0.03091,0.03259,0.10729,0.00164,0.0284,0.03758,0.03604,0.00268,0.01824
2020-05-13,0.0251,0.05152,0.02558,0.02017,0.02063,0.01879,0.01905,0.03622,0.05087,0.0128,0.02393,0.05449,0.03059,-0.00156,0,0.02372,0.03004,-0.00889,0,0.01926
2020-05-14,0.01354,0.04881,0.01123,0.01471,-0.01137,0.01058,-0.03352,0.03113,0.0187,0.04235,0.01883,0.00844,-0.01173,-0.01028,-0.00114,-0.00784,0.01718,-0.01802,-0.00312,0.00815
2020-05-15,-0.038,-0.04255,-0.02661,-0.02873,-0.00843,-0.03481,0.00267,-0.00769,-0.03679,-0.01227,-0.02581,-0.03976,-0.01187,-0.02456,0.00114,-0.01988,-0.02293,-0.00913,0.00312,-0.02098
2020-05-16,0.01887,0.00522,0.00483,0.00457,0.00925,0.02423,0.01557,0.01533,0.02554,-0.00247,0.00883,0.03884,-0.00599,0.01039,0,0.0547,0.00301,0,-0.00066,0.00562
2020-05-17,0.01607,0.03084,0.019,0.01678,0.00804,0.00531,0.02996,-0.00381,0.03178,0.00985,0.0099,-0.0023,0.01786,0.01443,0,-0.00381,0.0028,-0.00922,0.00066,0.0061
2020-05-18,0.02003,0.00576,0.02716,0.05923,0.05511,0.02869,0.04177,0.01515,0.03496,0.0146,0.03512,0.02753,0.00784,0.0143,0,0.04843,0.02319,0,0,0.0193
2020-05-19,0.03019,0.00025,-0.0077,-0.01311,0.0397,0.00768,0.00776,-0.01134,-0.00505,-0.00484,0.00397,-0.00854,0.00195,-0.01012,-0.00399,0.02158,0.01011,0,-0.00462,-0.00561
2020-05-20,-0.01528,-0.02141,-0.02641,-0.0187,0.00752,0.03755,0.00704,-0.01147,-0.01582,-0.01221,-0.02703,-0.02668,-0.01373,0.02284,0.00294,0,-0.0335,0.01835,0.0046,-0.01144
2020-05-21,-0.04666,-0.04744,-0.04754,-0.01849,-0.08489,-0.05557,-0.02584,-0.05129,-0.04987,-0.035,-0.03291,-0.04617,-0.05582,-0.06238,0.00105,-0.06241,-0.05094,0.01802,0.00001,-0.03121
2020-05-22,0.03175,0.01104,0.02636,0.00783,0.0664,0.05557,0.04484,0.05129,0.03582,0.01264,0.03382,0.02177,0.08117,0.02177,0,0.05884,0.04143,0.0177,0,0.02442
2020-05-23,-0.00301,0.0029,0.00204,-0.00519,-0.00919,-0.0274,0.03352,-0.01161,0.00731,-0.00504,-0.00408,0.01087,-0.01454,-0.00823,0.00995,-0.01439,0.01264,0,0,-0.00745
2020-05-24,-0.03122,-0.04656,-0.04416,-0.04762,-0.04968,-0.03077,-0.01495,-0.02362,-0.03075,-0.03077,-0.03654,-0.0424,-0.05109,-0.0415,-0.00995,-0.03315,-0.04194,0,0,-0.01737
2020-05-25,0.01971,0.01317,0.02517,-0.00439,0.02569,0.00778,0.07325,0.01188,0.01447,0.01807,0.01171,0.00716,0.02135,0.01891,0,0.02222,0.02139,0,0,0.00965
2020-05-26,-0.01165,-0.0081,-0.01459,-0.01792,-0.01082,-0.00778,-0.01609,-0.01587,-0.0168,-0.01028,-0.01218,0.00292,-0.00201,-0.01454,-0.00199,-0.01848,-0.01201,0,-0.00063,-0.01713
2020-05-27,0.01713,0.03841,0.02735,0.04334,0.03228,0.00519,0.02765,0.02372,0.03389,0.02046,0.03315,0.04337,0.01003,0.01687,0.00199,0.01113,0.0112,0.00873,0.00063,0.01982
2020-05-28,0.03398,0.03686,0.02491,0.01888,0.15692,0.0431,-0.00002,0.02317,0.05124,0.02253,0.02031,0.0383,0.03626,0.03868,0,0.03979,0.02686,0.00866,-0.00104,0.01374
2020-05-29,-0.00117,-0.00914,-0.00528,-0.01039,0.00156,-0.00998,-0.00275,-0.00382,0.00381,0.0123,-0.00246,-0.01245,-0.01259,-0.01447,0,0.02105,-0.00796,0.01709,0.00104,-0.01126
2020-05-30,0.04026,0.02731,0.05375,0.05793,0.17412,0.04412,0.0648,0.05588,0.09367,0.01697,0.06272,0.0315,0.07055,0.06502,0,0.01379,0.08324,0,0,0.03892
2020-05-31,-0.04026,-0.02498,-0.04651,-0.04406,-0.03445,-0.00964,-0.00201,-0.03315,-0.04805,-0.02433,-0.04188,-0.04932,-0.00364,-0.02529,-0.00197,-0.04196,-0.02627,0,0,-0.0162
2020-06-01,0.0498,0.07199,0.0625,0.04851,0.08771,0.05877,0.09588,0.05111,0.06702,0.02433,0.05422,0.03874,0.12414,0.06696,0.00197,0.05557,0.06787,0.00844,0,0.03555
2020-06-02,-0.03813,-0.06475,-0.02498,-0.03549,-0.03398,0.00228,-0.03766,-0.04737,-0.04036,-0.01942,-0.047,-0.01715,-0.0261,0.04867,-0.00248,-0.02393,-0.04203,0,-0.0011,-0.03625
2020-06-03,0.01782,0.01323,0.01201,0.00138,0.08526,0.02252,0.06018,0.00743,0.02892,0.00245,0.02686,0.00958,0.02207,0.04136,0.00248,0.0506,0.03424,0.00837,0.00104,0.00442
2020-06-04,0.00114,0.01479,0.01816,0.00854,0.04083,-0.01345,0.02815,0.00738,0.00102,0.00731,0.00991,0.01567,-0.01466,-0.00189,0,-0.01325,0.00207,0.01653,0.00006,0.00646
2020-06-05,0.00681,-0.01388,0.00031,-0.00416,-0.0408,-0.01135,0.02087,0.03611,-0.01322,0.04971,-0.01246,-0.00736,-0.0266,-0.03652,0,-0.0202,0.00165,0.00816,0,-0.00435
2020-06-06,-0.00852,-0.00123,-0.01369,-0.01263,0.00681,-0.00917,0.03441,-0.00712,0.00294,0.02734,-0.00682,-0.00133,-0.00676,0.00458,-0.0007,-0.00683,0.00324,0.01613,-0.00173,-0.00467
2020-06-07,-0.00514,0.01084,0.00422,-0.00134,0.00727,0.0023,0.03532,0.00712,0.0133,-0.0045,-0.00128,-0.01475,-0.00085,-0.01112,0.0007,-0.01033,0.06747,0,0.00173,0.00151
2020-06-08,-0.00344,0.00129,0.00306,-0.01109,-0.00259,0.02497,0.00949,-0.01429,0.00464,0,-0.00429,0.02403,-0.01196,0.0127,0,0.01715,-0.01229,0,-0.00161,0.00158
2020-06-10,0.00115,0.01004,0.00831,0.01155,-0.03412,-0.00901,0.05382,-0.0036,0.00458,0.00225,0.00451,0.0206,0.02545,-0.01705,0,-0.01715,-0.01963,0,0.00107,-0.0041
2020-06-11,-0.06527,-0.05716,-0.08435,-0.0666,-0.10294,-0.10737,-0.09007,-0.09063,-0.06572,-0.06034,-0.07033,-0.08585,-0.10499,-0.09561,0,-0.09808,-0.10796,-0.00803,0.00054,-0.06493
2020-06-12,0.02183,0.01692,0.02423,0.0079,0.05416,0.02978,0.03463,0.02729,0.02468,0.03294,0.02989,0.02944,0.01843,0.02137,0,0.0189,0.04042,0,0,0.01959
2020-06-13,0.00896,-0.00059,-0.00447,-0.00109,-0.00663,0.00488,0.00482,0,0.00596,-0.00464,0.00578,0.01193,0.0127,0.0172,0,0.01117,0.0149,0,0,-0.00433
2020-06-14,-0.00956,-0.00938,-0.01,-0.01582,-0.02927,-0.03718,0.02446,-0.00772,-0.0203,-0.01641,-0.02265,-0.01345,-0.03767,-0.03956,0.00995,-0.03774,-0.02718,-0.0496,0,-0.00774
2020-06-15,-0.01695,0.00679,-0.01048,-0.02452,0.02113,-0.0076,-0.01114,-0.01957,-0.01802,-0.00712,-0.00386,-0.01579,-0.02273,-0.00427,-0.00995,0.01147,-0.0089,-0.01709,0,0.00757
2020-06-16,0.00244,0.0092,0.00532,0.00284,0.00871,0.03008,0.02671,0.00787,0.01934,0.00948,-0.00068,0.01898,0.01332,0.00192,0,-0.00763,0.00205,-0.01739,0,-0.00919
2020-06-17,-0.00122,-0.00607,0.01222,0.00949,0.05382,0.0268,0.01758,0.00391,-0.00595,-0.01186,0.00341,-0.01129,0.00189,0.00903,0,0.02647,0.00334,0,0,0.0111
2020-06-18,-0.01165,-0.00724,-0.01462,-0.01456,-0.01535,0.0024,0.00176,-0.01179,-0.004,-0.00719,-0.01073,-0.00184,-0.01521,-0.01339,0,-0.00374,-0.00843,0,0,-0.01293
2020-06-19,-0.01868,-0.01324,-0.01973,-0.01298,-0.03179,-0.02182,-0.00176,-0.01193,-0.0216,-0.0268,-0.02041,-0.01783,-0.02228,-0.02377,-0.00619,-0.02273,-0.01663,0.00873,-0.00151,-0.02206
2020-06-20,0.00876,0.00476,-0.00185,0.00196,-0.00332,0.02182,0.02679,0.00797,0.00933,0.00738,0.01558,0.00016,0.00586,0.00934,0.00507,0,0.00832,0.01724,0.00074,0.00911
2020-06-21,-0.00312,-0.00308,-0.00263,-0.00497,-0.01095,0.00478,0.00116,0,-0.00122,-0.00738,-0.00602,0.00949,0.00292,-0.01679,0.00112,-0.00769,-0.00579,-0.00858,0.00077,-0.01545
2020-06-22,0.02956,0.03642,0.03609,0.0185,0.06338,0.06469,0.04358,0.01575,0.05745,0.05055,0.02521,0.02115,0.04555,0.04431,-0.00208,0.03042,0.03059,-0.00866,-0.00382,0.01954
2020-06-23,-0.00365,-0.00198,0.00424,0.02712,-0.00793,0.07331,0.00229,0.0039,0.00662,0,-0.00023,0.01535,0.01473,-0.00913,0.00208,0.04037,0.01181,0.00866,0.00382,-0.00313
2020-06-24,-0.02404,-0.03337,-0.03228,-0.04312,-0.00443,-0.01889,-0.0555,-0.03162,-0.03489,0.00935,-0.0308,-0.03156,-0.042,-0.02915,0,-0.05547,-0.03454,0.01709,0,-0.02364
2020-06-25,-0.00689,-0.00525,-0.00322,-0.00324,-0.01086,0.01889,-0.01424,-0.00402,-0.01208,-0.01641,-0.00656,-0.00758,-0.01344,-0.01959,0,-0.01533,-0.00194,0.01681,0,-0.00382
2020-06-26,-0.01074,-0.01106,-0.00995,-0.01821,-0.01393,-0.0274,-0.0149,-0.00404,-0.01414,-0.00712,0.0177,-0.00623,-0.0146,-0.01088,-0.00104,-0.0434,-0.00579,0.01653,-0.00016,-0.00491
2020-06-27,-0.0362,-0.01291,-0.05218,-0.04298,-0.03643,-0.0549,-0.01462,-0.0498,-0.02965,-0.01198,-0.04148,-0.02597,-0.04512,-0.06001,0.00104,-0.06239,-0.02092,0.00816,0.00016,-0.03238
2020-06-28,0.01503,0.0108,0.0195,-0.01717,0.03433,0.02892,0.05558,0.00425,0.01066,-0.00241,-0.00362,0.01544,0.03229,0.01864,0,0.01702,0.01928,0.01613,0,0.00474
2020-06-29,0.00582,0.00516,0.01112,0.00457,0.04235,0.01307,0.05765,0.00844,0.01252,0.01439,0.01057,0.0138,0.01381,0.01367,0,0.01674,0.02424,0.00797,-0.0006,0.0015
2020-06-30,-0.00647,-0.00577,-0.01436,-0.01225,-0.00903,-0.01088,-0.0123,-0.00844,-0.00827,-0.01198,-0.00912,-0.01018,-0.01679,0.02727,-0.0001,-0.02097,0.01038,0,0.0003,-0.01181
2020-07-01,0.02689,0.00984,0.00763,-0.00666,0.14363,0.02805,0.00907,0.00423,0.02099,0,0.00553,0.0167,0.0109,0.02095,0.0001,0.01681,0.03002,-0.00797,0.0003,0.00627
2020-07-02,-0.01849,-0.01143,-0.00623,-0.00773,-0.01711,0.03142,-0.01354,0.0084,-0.00747,-0.00241,-0.00505,0.01962,-0.00891,-0.0012,0.0198,-0.01681,-0.01055,0.01587,0.00995,0.00151
2020-07-03,-0.01622,-0.00397,-0.00333,-0.00418,0.02318,-0.02294,0.00368,0.01247,-0.01759,-0.00971,-0.00677,-0.04883,-0.02516,-0.01706,-0.02028,-0.03449,-0.00192,-0.02391,-0.00995,-0.00514
2020-07-04,0.01686,0.00496,0.01687,-0.00052,0.03475,0.01258,0.02609,0.01639,0.0162,0.00487,0.02065,0.02175,0.01517,0.00915,0.00048,0.02169,0.00849,0,-0.00042,0.0093
2020-07-05,-0.00451,-0.00643,-0.01561,-0.00913,-0.01757,-0.01258,0.01619,-0.02053,-0.00617,-0.00976,-0.01123,-0.01429,0.00999,-0.01022,-0.0011,-0.02169,0.00214,-0.0496,-0.00176,-0.00545
2020-07-06,0.05162,0.03269,0.08545,0.22144,0.06894,0.12479,0.04168,0.07972,0.05906,0.04082,0.05518,0.02592,0.04851,0.06743,0.0011,0.06782,0.06773,0.03334,0.00139,0.06321
2020-07-07,0.02843,-0.01323,-0.01871,-0.03982,0.11083,0.06139,0.01757,-0.01934,-0.01011,-0.03107,-0.01467,-0.00541,-0.00475,0.01936,-0.00079,0.02828,-0.04715,0.00816,0.00079,-0.02025
2020-07-08,0.02706,0.01885,0.02531,0.0247,0.09993,0.1265,0.03724,0.04581,0.03125,0.02161,0.04248,0.02631,0.05191,0.14856,0.00065,0.05428,0.04081,0,-0.00078,0.1023
2020-07-09,-0.02052,-0.01608,-0.01813,-0.01762,-0.04418,-0.06043,-0.00564,-0.00749,-0.01491,-0.00715,-0.01471,0.02062,-0.02377,0.06364,0.00014,-0.0424,0.02998,0,0.00078,-0.00874
2020-07-10,0.02226,0.00009,-0.00394,-0.01634,-0.04928,0.00654,0.00407,-0.01515,-0.00843,0.00477,-0.00653,-0.00474,-0.02719,-0.01866,-0.00001,0,-0.01683,-0.00816,-0.00007,-0.02121
2020-07-11,0.02064,-0.00415,-0.00531,0.00093,0.05667,-0.00326,0.01192,0,-0.00633,-0.00238,0.00967,0.02102,0.02256,0.05915,0.00001,0.05738,0.01222,-0.01653,0.00007,0.01273
2020-07-12,0.03458,0.0039,0.00046,0.01665,0.01245,0.17768,-0.00284,-0.00382,0.01109,0.00713,-0.0009,0.00566,0.00186,0.00709,-0.00137,0.04364,-0.01167,-0.06899,-0.00176,-0.00328
2020-07-13,0.00928,-0.00355,-0.0185,-0.02065,-0.02094,-0.01794,-0.01416,-0.02326,-0.0105,0.00237,-0.01626,0.00217,-0.00838,-0.05086,0.00092,0.03153,-0.03361,0,0.00176,-0.00984
2020-07-14,-0.01809,-0.00004,-0.01047,-0.00275,0.06098,0.12056,-0.01391,0.00391,0.00254,0,-0.00274,-0.01983,0.01393,0.01992,-0.00051,0.02048,0.005,0.00889,-0.00119,0.00118
2020-07-15,-0.02748,-0.00546,-0.01198,-0.01074,-0.01215,0.06454,0.01778,-0.01179,-0.00748,0,-0.01194,0.0387,0.01283,0.02078,0.0004,0.07796,-0.00455,0.01754,0.00071,-0.00858
2020-07-16,-0.02592,-0.00662,-0.0144,-0.03725,-0.03471,-0.03534,-0.00828,-0.01193,-0.02025,-0.0095,-0.02907,-0.04268,-0.02677,0.0681,0.00054,-0.03498,-0.02403,0.01724,0.00042,-0.01566
2020-07-18,-0.00058,0.00293,0.00103,-0.00185,-0.02774,-0.04663,0.02132,0,0.00784,0,0.00923,0.00898,-0.01413,0.00022,-0.00119,-0.02623,0.01482,0,-0.00239,0.02691
2020-07-19,0.04732,0.00292,0.01263,-0.00452,0.01003,0.01372,-0.00216,0.0315,0.0127,0.00476,0.00282,0.00744,0.0085,-0.00812,-0.00044,-0.01002,0.00442,-0.01724,-0.00045,-0.00103
2020-07-20,-0.02709,-0.00235,-0.01934,-0.01547,-0.04792,-0.1044,-0.01935,-0.00778,-0.00986,0.00474,-0.01349,0.00782,-0.02187,-0.05345,0.00165,-0.07308,-0.01487,0.01724,0.00173,-0.02065
2020-07-21,0.01364,0.02273,0.03011,0.04627,0.04186,0.00137,0.01334,0.02317,0.03687,0.00236,0.03832,0.00403,0.07143,0.01619,-0.00111,0.08641,0.01972,0.00851,-0.00128,0.01991
2020-07-22,0.02067,0.01592,0.03904,0.02412,0.00775,0.02576,0.01986,0.01515,0.06773,0.01869,0.02981,0.02652,0.03432,0.01034,0.00111,0.01967,0.02202,0,0.00246,0.02164
2020-07-23,0.03156,0.00583,-0.00483,0.01394,-0.0012,0.05216,-0.00177,-0.00377,0.04657,0.00462,-0.002,0.0194,-0.01394,0.00554,-0.00182,0.0288,-0.00497,0,-0.00235,0.02062
2020-07-24,0.02538,-0.00462,-0.00858,-0.01443,-0.01535,-0.05753,0.00128,-0.0229,0.01636,-0.03279,-0.01505,-0.01772,-0.02757,-0.02277,0.00081,-0.04517,0.0053,0.00844,0.00041,-0.01715
2020-07-25,0.03237,0.0146,0.0577,0.04653,0.16378,0.03049,0.02487,0.05264,0.08523,0.01653,0.09946,0.02593,0.0441,0.04717,-0.00093,0.00985,0.03952,0.01667,-0.00026,0.04809
2020-07-26,-0.01323,0.02329,-0.01084,-0.00121,0.03106,-0.02111,0.0204,-0.00735,0.01819,0.00234,-0.01695,0.0592,0.00086,-0.01455,0.00081,-0.02649,-0.00849,0,-0.00039,0.0041
2020-07-27,0.00511,0.10401,0.0802,0.08708,-0.06512,-0.05481,0.07268,0.04686,0.03762,0.04344,0.09856,0.00703,-0.00173,-0.04338,0.00113,-0.05519,0.00758,0.03252,0.0011,0.03963
2020-07-28,0.02765,-0.00713,0.07601,0.03236,0.06842,0.01676,-0.03355,0.05147,-0.0152,-0.00899,0.04848,0.0353,0.01372,0.0257,0,0.00354,0.02414,0,0.0001,0.0291
2020-07-29,-0.01348,0.01705,-0.00062,-0.00351,-0.06047,-0.01395,0.02496,0.01329,0.00482,0,-0.0074,-0.02692,-0.00341,-0.01783,0,-0.01424,0.01056,0,0.00139,0.05419
2020-07-30,0.00551,0.00097,0.01316,0.00914,0.00506,0.04127,-0.00684,0.00658,0.05026,-0.0068,0.0263,0.02421,0.00851,0.01412,0,0.00714,-0.00254,0,-0.00018,0.00584
2020-07-31,0.03245,0.01892,0.02804,0.06507,-0.01281,0.04609,0.01295,0.01303,0.03223,-0.00456,0.02373,0.04072,0.0317,0.00298,0,0.01062,0.02059,0.00797,0.01013,0.05715
2020-08-01,0.04076,0.03779,0.0566,0.05712,0.03382,0.06599,0.05296,0.06272,0.10863,0.0811,0.05517,0.05528,0.08872,0.09878,-0.00299,0.06476,0.03589,0,-0.01358,0.1118
2020-08-02,-0.02779,-0.06191,-0.11385,-0.11083,-0.0727,-0.00362,-0.0575,-0.11248,-0.03845,-0.05852,-0.0789,-0.04926,-0.0879,-0.04243,0.00084,-0.05077,-0.06885,0.00791,0.00099,-0.00856
2020-08-03,0.0521,0.01729,0.04398,0.0462,0.02828,0.10221,-0.00376,0.03673,0.0413,0.06272,0.0318,0.04757,0.01789,0.02417,0.00215,0.06062,0.04358,0,0.00264,0.07668
2020-08-04,0.00992,-0.0036,-0.02787,-0.01524,0.04055,0.06957,-0.04066,-0.00658,0.00922,0.01663,-0.01621,-0.02098,0.00803,0.04569,0,0.05407,0.02311,0,0,-0.03095
2020-08-05,0.04648,0.04716,0.02093,0.04141,-0.00226,-0.02683,0.04413,0.00985,0.02959,0.01636,0.0254,0.03624,0.03225,-0.01869,0,-0.03465,0.00485,0,0,0.00933
2020-08-06,-0.02736,0.00278,0.04732,0.01032,0.00944,0.0589,-0.00783,0.00976,-0.01665,-0.0143,0.00254,0.05515,0.00617,-0.01402,0,0.03155,-0.00864,0,0,0.0009
2020-08-07,-0.01777,-0.01525,-0.01731,-0.03274,-0.03456,-0.00792,-0.00206,-0.02291,-0.0399,-0.03135,-0.03282,-0.01592,-0.00927,-0.0316,0,-0.0477,-0.01676,0.00784,0,-0.02982
2020-08-08,0.02523,0.01307,0.00336,0.01633,0.04652,0.23225,0.03191,0.00988,0.03744,0.00212,0.01525,0.00825,0.01464,-0.00156,0,0.0962,0.02379,0,-0.00057,-0.00218
2020-08-09,-0.01764,-0.00668,-0.01349,-0.0381,-0.00369,0.08747,-0.00035,-0.00658,-0.00731,0,-0.01718,-0.01937,-0.00307,0.02044,0,0.08504,0.00269,-0.00784,0.00057,-0.01843
2020-08-10,0.00577,0.01718,0.00726,0.00867,-0.00961,-0.03005,0.00859,0.06701,0.01212,-0.00212,0.01993,0.00749,0.10827,0.0086,0,0.1487,0.04974,-0.00791,0,0.02059
2020-08-11,-0.06156,-0.04016,-0.06711,-0.06981,-0.04565,-0.02486,-0.04493,-0.07032,-0.03997,-0.03017,-0.06925,-0.06956,-0.05522,-0.04894,0,-0.06282,-0.06529,0.00791,0,-0.03526
2020-08-12,0.02279,0.01517,0.01634,-0.007,-0.00028,0.23723,0.00886,0.01316,0.02759,-0.00879,0.01061,0.03185,0.05315,0.01228,0.00995,0.09508,0.01154,0.00784,0,0.00169
2020-08-13,0.01506,0.01705,0.04058,0.03184,0.02761,0.04183,0.0081,0.03847,0.09209,0.03258,0.04916,0.02731,0.01439,-0.00041,0.00985,-0.05356,0.10312,0.00778,0.00995,0.0442
2020-08-14,0.04386,-0.0013,-0.02064,-0.01883,-0.0208,-0.02335,0.00486,0.02177,0.02,0.00213,-0.01729,-0.01466,0.00948,0.02738,-0.0198,-0.01932,0.09061,-0.02353,-0.01035,0.00857
2020-08-15,-0.00217,0.00819,0.0322,0.0551,-0.00025,0.1206,0.00953,0.13775,-0.0093,0.02526,0.05452,-0.01532,0.02067,0.01725,0,-0.00489,0.01806,0.01575,-0.00064,-0.00237
2020-08-16,0.02064,0.00228,0.01594,-0.00542,0.00121,-0.01583,0.01255,0.03943,0.00101,0.00415,0.06305,0.01291,0.02219,0.07067,0,0.03847,0.11269,0.00778,0.0003,0.0127
2020-08-17,0.00043,0.02995,0.03017,0.00635,0.01753,-0.11785,0.00781,-0.02876,-0.00987,-0.01041,0.04892,0.02319,0.06498,-0.00845,0,-0.0508,0.07448,-0.01563,-0.00125,0.03648
2020-08-18,-0.01889,-0.02171,-0.04226,-0.03148,-0.0251,-0.02853,-0.0194,-0.04892,-0.01374,-0.0063,-0.02263,0.00171,-0.01832,-0.04392,0,-0.0509,-0.05357,0,0.00198,-0.03709
2020-08-19,-0.0335,-0.01962,-0.03844,-0.05088,-0.06115,0,-0.02484,-0.06919,-0.04147,-0.02775,-0.05537,-0.02424,-0.0218,-0.0589,0,-0.05363,-0.08194,0,0,-0.04402
2020-08-20,0.03436,0.01016,0.00712,0.0117,0.03322,-0.00928,0.00728,0.02651,0.02426,0.04238,0.01552,0.10425,0.11414,0.04413,0,0.05884,0.03728,0,-0.00028,0.00799
2020-08-21,-0.04247,-0.02436,-0.03623,-0.05651,-0.07682,-0.15353,0.03093,-0.05068,-0.06783,-0.02521,-0.0587,-0.09022,-0.06739,-0.06492,0,-0.12724,-0.12358,0,0.00028,-0.04149
2020-08-22,0.00496,0.00768,0.01071,-0.00411,0.01218,0.14542,-0.00335,0.03012,0.0171,-0.0107,0.01554,0.02317,0.12947,0.01995,0,0.05453,0.03313,-0.00791,-0.00006,0.02068
2020-08-23,-0.01678,-0.00145,-0.00839,-0.00919,-0.02982,-0.05077,0.01813,-0.01194,-0.01133,0.00215,0.00513,-0.03688,-0.03985,0.00572,0,-0.0169,-0.02813,0.00791,-0.00047,-0.00406
2020-08-24,0.03328,0.00936,0.02211,0.045,0.02351,0.00066,0.01591,0.01786,0.04193,0.02543,0.02573,0.0284,-0.00275,0.00438,0,0.04717,0.02813,-0.00791,0.00053,0.01333
2020-08-25,-0.05127,-0.03531,-0.05116,-0.05937,-0.09424,-0.06533,-0.02829,-0.07661,-0.06097,0.00626,-0.05996,-0.05593,-0.05901,-0.05348,0,-0.06725,-0.08416,0,0,-0.03981
2020-08-26,0.03657,0.0107,-0.00445,-0.00344,0.01744,0.06993,0.00444,-0.00319,0.00641,0.03874,-0.00376,0.00326,0.01681,0.00311,0,-0.0205,0.02624,0,0,-0.00157
2020-08-27,0.03528,-0.01446,-0.0407,-0.02899,-0.07622,-0.05043,-0.01277,-0.04911,-0.00999,-0.045,-0.04057,0.0047,0.01483,-0.04681,0,-0.0516,-0.02762,0,0,-0.04791
2020-08-28,0.00216,0.01916,0.01623,0.03087,0.02431,0.04451,0.03107,0.04591,0.03402,0.01454,0.02311,0.05243,0.03833,0.02005,0,0.01546,0.03743,0.00791,0,0.02809
2020-08-29,-0.0052,-0.00309,0.00015,-0.00701,0.06421,0.08893,0.00478,0.00639,0.01018,-0.01036,-0.00105,-0.01646,0.14861,0.00953,0,0.03021,0.04313,0,0,0.00897
2020-08-30,0.02701,0.01763,0.03694,0.03133,0.00619,-0.00605,0.02491,0.04057,0.06879,0.01242,0.09071,0.03525,-0.0281,0.01549,0,0.00593,0.07366,0,0,0.03063
2020-08-31,-0.01922,-0.00262,-0.01637,-0.01875,0.04374,-0.04724,0.00086,-0.01231,0.01547,0.01835,-0.02616,-0.02955,-0.00971,-0.00957,0,-0.03615,0.08346,0,0,-0.00449
2020-09-01,0.06793,0.0245,0.06412,0.05459,0.02195,0.02576,0.00752,0.07455,0.09209,0.00403,0.02855,0.0398,0.04577,0.02103,0,0.05374,0.16498,0.00784,0,0.04825
2020-09-02,-0.00525,-0.0476,-0.10281,-0.1039,-0.08135,-0.0787,-0.03267,-0.11563,-0.08076,0.01597,-0.07906,-0.06441,-0.05262,-0.07011,0,-0.09444,-0.00296,-0.01575,0,-0.06726
2020-09-03,-0.18014,-0.10802,-0.20085,-0.18642,-0.1843,-0.21479,-0.12082,-0.16062,-0.13188,-0.13778,-0.19577,-0.15529,-0.12654,-0.15374,0.00995,-0.19324,0.17871,0,0,-0.11438
2020-09-04,0.02111,0.02568,0.07062,0.05249,0.06337,0.03836,0.01439,0.13116,0.00664,0.01802,0.05775,0.05453,0.06108,0.02492,-0.00995,0.06744,-0.14534,-0.016,0,0.03703
2020-09-05,-0.07799,-0.0331,-0.02874,0.00955,-0.13037,-0.16313,-0.04404,-0.02694,-0.14672,-0.03175,-0.06153,-0.05799,-0.11962,-0.07572,0,-0.10697,-0.17181,-0.03279,0,-0.07374
2020-09-06,0.17433,0.01083,0.01388,0.0086,0.03429,0.19621,0.00693,-0.00685,0.05258,0.07542,0.00962,0.03316,0.01699,0.03065,0,0.03565,0.04962,0.01653,0,0.0127
2020-09-07,-0.03511,0.00864,0.0007,0.0631,0.00293,-0.03789,-0.00511,-0.02083,-0.00195,-0.00858,0.01487,0.02702,0.05428,0.01059,0,-0.0039,0.02361,-0.00823,0,0.00598
2020-09-08,0.03511,-0.02322,-0.02691,-0.02077,-0.02519,-0.05286,-0.0115,-0.03209,-0.04367,-0.02179,-0.02892,0.01646,-0.06304,-0.01477,0,-0.01972,0.08105,0.00823,0,-0.02264
2020-09-09,0.05618,0.01088,0.00957,-0.00582,0.02536,0.04883,0.01682,0,0.03924,0.03251,0.01092,0.0057,0.01455,0.01395,0,0.01581,-0.02828,-0.00823,0,0.01199
2020-09-10,,,,,,0.01364,0.00035,,,0.00638,,,,,0,,,-0.02511,0,
2020-09-11,0.03682,0.01536,0.00382,-0.01198,0.03825,-0.00399,0.05548,0.01081,0.06503,0.00212,0.02454,0.04643,0.16376,0.06383,0,0.00781,-0.01528,0.02511,0,0.01525
2020-09-12,0.11424,0.00396,0.02084,0.00749,0.00626,0.02137,0.02412,0.00714,0.03276,0,0.03463,-0.0215,0.06181,0.00354,0,0.01544,-0.02294,0.02449,0,0.01842
2020-09-13,0.08496,-0.0114,-0.03743,-0.03656,-0.0285,-0.06303,-0.0211,-0.03255,-0.05743,0.01885,-0.05563,0.03398,-0.06672,-0.04928,-0.00079,0.00382,-0.06843,-0.0081,0,-0.02456
2020-09-14,0.00386,0.034,0.01977,0.00984,0.01997,0.01078,0.04909,0.00733,0.0315,-0.00416,0.021,0.03459,0.08228,0.00487,0.00079,0.00381,-0.00429,-0.06725,0,0.01854
2020-09-15,-0.13656,0.01081,0.04058,0.00872,-0.03441,-0.09878,0.00921,-0.01101,-0.0335,-0.00209,-0.01436,-0.01665,-0.08524,-0.02768,0,-0.04272,-0.08749,-0.00873,0,-0.01011
2020-09-16,0.02756,0.01635,-0.01652,-0.01556,-0.01994,-0.02024,-0.00388,0.00368,0.00266,-0.00209,-0.00955,-0.05076,0.03926,0.02453,0,-0.01198,-0.05174,0.01739,-0.00203,0.01626
2020-09-17,-0.03531,-0.00236,0.00602,0.00611,0.02762,0.02115,-0.01301,0.00367,0.06152,0.0166,0.01963,0.06504,0.12116,0.0028,0,0,0.05899,0.02553,0.00203,0.01739
2020-09-18,0.01508,-0.0004,0.00445,-0.01053,-0.03385,-0.08643,-0.00271,-0.01105,-0.01205,0.01024,-0.00863,-0.00141,0.06283,-0.02471,-0.0005,-0.03266,0.03445,0.01667,-0.00036,-0.00591
2020-09-19,-0.00549,0.01359,-0.00248,-0.00148,0.0063,0.00692,0.00929,0.0037,0.00307,0.00203,0.00453,0.03659,-0.02685,0.00659,0.0005,-0.02948,-0.04597,0.00823,0.00036,0.00402
2020-09-20,-0.03207,-0.01417,-0.03135,-0.04938,-0.02456,-0.03816,-0.05043,-0.01487,-0.03831,-0.02053,-0.033,-0.02517,-0.03977,-0.02013,0,-0.05264,-0.02985,0.01626,0,-0.01995
2020-09-21,-0.12582,-0.04449,-0.05866,-0.05468,-0.10613,-0.10912,-0.04691,-0.0618,-0.08214,-0.05326,-0.08204,-0.04839,-0.1586,-0.09058,0,-0.10937,-0.0757,-0.0081,0,-0.06102
2020-09-22,0.03505,0.00726,0.03003,0.06313,0.01635,0,0.00256,0.02362,0.0079,0.00437,0.02638,0.04399,0.0005,0.018,0,0.06328,0.0018,0.0081,0,0.00549
2020-09-23,,,-0.05541,,,-0.13028,-0.03192,-0.05191,-0.07193,-0.01537,,,-0.02608,,0,,,-0.0081,0,
2020-09-24,0.02135,0.01946,0.04011,0.00678,0.01386,0.24552,0.04557,0.04017,0.08594,0.02836,0.00916,-0.00194,0.1046,-0.01902,0,0.01869,0.04954,0.0081,-0.00075,-0.00171
2020-09-25,0.00243,-0.00403,-0.00014,-0.00595,0.1562,0.08667,-0.00348,0.00393,0.00798,-0.00431,0.02309,-0.02201,-0.02175,0.05558,0,0.02288,0.03304,0,0.00075,0.03702
2020-09-26,,,,,,-0.03609,-0.00014,,,0.00431,,,,,0,,,0,0,
2020-09-27,0.06129,0.00672,0.0557,0.08658,0.04339,0.04074,0.00634,0.01556,0.01455,-0.00431,0,0.06588,-0.00987,-0.01401,0,-0.01367,-0.02084,0.00803,0,0.00597
2020-09-28,0.02781,-0.00494,-0.01195,-0.00691,-0.00505,-0.04268,-0.01529,-0.00775,-0.00665,-0.00433,-0.01621,-0.04505,-0.05037,0.00105,0,0.03604,-0.00913,0,0,-0.00495
2020-09-29,0.06701,0.01182,0.01269,0.02034,0.00436,-0.02056,0.00802,0.01161,0.01402,0.00433,0.00945,0.05797,-0.01754,0.00971,0,-0.01336,0.00163,0.00797,0,0.00448
2020-09-30,0.0165,-0.00566,-0.00499,-0.00331,0.0001,-0.02504,-0.01,-0.00772,0.00017,0,0.01261,0.08049,-0.03551,0.0073,0,-0.01354,-0.00615,0.01575,0,-0.00341
2020-10-01,-0.06552,-0.01535,0.00026,-0.0083,-0.03284,-0.02153,-0.01995,-0.0117,-0.01904,0,0,-0.03939,-0.01531,-0.02111,-0.00004,-0.00456,-0.01727,-0.00784,0,-0.01644
2020-10-02,,,,,,-0.0445,-0.0132,,,0.00646,,,,,0.00004,,,0,0,
2020-10-03,0.02871,-0.00546,-0.0376,-0.05746,-0.04379,0.00863,-0.0042,-0.02381,-0.01687,-0.00215,-0.01371,0.00556,-0.04682,-0.02614,0,-0.03249,0.0555,-0.01587,0,-0.02058
2020-10-04,,,,,,0.01175,0.01243,,,0.00215,,,,,0,,,-0.01613,0,
2020-10-05,0.0137,0.02232,0.01199,0.01537,0.04184,0.02412,0.01099,0.01594,0.01984,-0.00646,0.01586,0.07326,-0.01234,0.02821,0,0.01405,-0.02763,-0.00816,0,0.07184
2020-10-06,,,,,,-0.09448,-0.01859,,,-0.01304,,,,,0,,,-0.01653,0,
2020-10-07,-0.03191,-0.01162,0.00525,0.00037,-0.03915,0.02252,0.0009,0.04634,-0.03493,0,0.00623,0.00063,-0.05213,-0.01314,0,-0.03792,-0.03451,0,0,-0.00742
2020-10-08,-0.00036,0.02264,0.04538,0.01308,0.02425,0.06154,0.02135,-0.01139,0.02693,0.01304,0.01214,0.00405,0.01182,0.00992,0,0.01914,0.00195,0.01653,0,0.01028
2020-10-09,,,,,,0.0843,0.01145,,,0.01288,,,,,0,,,-0.00823,0,
2020-10-10,0.01998,0.03355,0.01434,0.03333,0.08733,0.01243,0.01072,0.01139,0.05403,-0.00213,0.03495,0.0407,0.0318,0.0538,0,0.06424,0.02546,-0.01667,0,0.01058
2020-10-11,0.00879,0.00774,0.00985,0.0053,0.0143,0.03089,-0.00114,0.00752,0.01118,0.00213,0.03633,0.08344,0.01413,-0.00186,0,0.01762,0.00367,-0.00844,0,0.0056
2020-10-12,0.07258,0.01492,0.00058,-0.01169,0.03229,0.05382,0.00366,-0.00752,0.03301,0.0106,0.0002,0.02865,0.01282,0.00586,0,0.03434,0.02297,0,0,0.00284
2020-10-13,0,-0.01127,0.05564,0.00358,-0.0108,-0.04009,-0.05018,0,-0.01701,-0.01274,-0.01589,-0.01399,-0.02582,-0.01737,0,0.01674,-0.01092,0.00844,0,-0.00048
2020-10-14,0.00649,0.00032,0.02185,-0.01149,-0.01439,-0.00456,-0.05791,-0.01521,-0.0045,-0.00428,-0.0018,0.00717,-0.03235,-0.02738,0,-0.03806,0.00145,0,0,-0.02719
2020-10-15,0.01254,0.00574,0.00865,0.0045,-0.00619,-0.01936,0.00476,-0.00384,-0.00539,-0.00862,-0.00725,0.00874,0.01342,-0.00326,0,-0.01739,-0.01091,-0.00844,0,-0.01416
2020-10-16,-0.04275,-0.01518,-0.0432,-0.05321,-0.02441,-0.01124,-0.02404,-0.02335,-0.03015,-0.04426,-0.03705,-0.07715,-0.01577,0.06105,0,-0.03118,-0.03049,0.00844,0,-0.0226
2020-10-17,0.00863,0.00317,-0.01615,-0.008,0.01941,0.00282,-0.01897,0,0.00716,-0.02057,-0.01351,-0.00125,0.01461,0.04003,0,0.02237,0.00027,0,0,0.00203
2020-10-18,0.01346,0.01097,0.01407,0.00613,0.01203,0.02137,-0.0986,0.00784,0.02503,0.02057,0.01204,0.02947,0.00981,-0.0293,0,0.01754,0.00735,0.00837,0,
2020-10-19,-0.0241,0.02228,0.0036,-0.00243,0.01193,0.00092,-0.09254,0.01165,0.00456,-0.00681,0.01003,0.01422,0.00915,0.06918,0,-0.03091,-0.0029,0.01653,0,0.02067
2020-10-20,-0.03849,0.01474,-0.03185,-0.01505,-0.05858,-0.09733,-0.04151,-0.01949,-0.02884,-0.00686,-0.02207,-0.06125,-0.03416,-0.05229,0,-0.0793,0.00582,0,0,-0.00977
2020-10-21,0.03313,0.07338,0.06249,0.04474,0.0354,0.08903,-0.04263,0.03101,0.06057,0.02268,0.12002,,0.07977,0.03491,0,0.03342,0.02689,0.01626,-0.00004,0.03248
2020-10-22,0.02946,0.01103,0.03033,0.02386,0.04047,0.10035,-0.05436,0.02264,0.05356,0.02217,0.02274,0.07448,0.01297,0.01775,0,0.02778,0.01194,0.00803,0.00004,0.02042
2020-10-23,-0.00098,-0.00265,0.01431,-0.01504,-0.02277,0.01826,0.04714,-0.01504,-0.00971,-0.01325,0.01772,0.00181,-0.02776,-0.01757,0,0.01361,-0.01306,0,0.00001,-0.00754
2020-10-24,-0.00131,0.01356,0.01764,0.05409,-0.00007,0.04581,0.01015,0.00378,0.00654,0,0.06754,0.01327,0.01152,0.01941,0,0,0.01336,0,-0.00007,0.00607
2020-10-25,-0.01582,-0.00588,-0.01479,0.03047,-0.01608,-0.04581,-0.05175,0.01498,-0.01524,-0.01568,-0.0073,0.01386,-0.02486,-0.02722,0,-0.02278,,0,0.00007,-0.01263
2020-10-26,0.03396,0.00338,-0.04258,-0.04015,-0.03107,-0.0343,-0.00525,-0.02256,-0.03082,-0.00226,-0.03327,0.00928,-0.04402,-0.02726,0,-0.03279,-0.0107,0.01587,0,-0.01803
2020-10-27,0.01561,0.04333,0.01816,0.00619,-0.00262,0.01855,0.02331,0.01134,0.02534,-0.02288,0.01868,0.01287,-0.0041,0.01109,0,-0.00957,0.00741,0.00784,-0.00001,0.01679
2020-10-28,-0.0413,-0.02845,0.01482,-0.02918,-0.03816,-0.04354,-0.09714,-0.00377,-0.03874,-0.02105,-0.03664,-0.05677,-0.06987,-0.04012,0,-0.03922,-0.00405,0,0.00001,-0.02821
2020-10-29,-0.01728,0.01247,-0.00534,-0.01824,-0.03706,-0.01672,0.01055,-0.00758,-0.00495,0.00941,-0.01756,-0.01652,-0.0398,-0.0146,0,-0.03563,-0.01357,-0.01575,0,-0.01463
2020-10-30,-0.04559,0.00805,-0.01978,-0.01986,-0.02127,-0.0152,-0.07052,-0.0467,-0.01016,-0.04063,-0.01713,-0.01076,-0.02924,-0.00895,0,-0.01567,-0.03316,0.00791,0,-0.01292
2020-10-31,-0.00281,0.01716,-0.00027,0.00828,-0.00336,0.01075,0.00048,0.00398,0.0098,0.03358,0.03199,0.0272,-0.00609,0.01178,0,0.04124,0.0056,0,0,0.00234
2020-11-01,0.00105,-0.00319,0.02192,-0.0014,0.05377,0.02812,0.00065,-0.00398,0.02496,-0.01905,0,0.00174,0.01012,0.01031,0,0.00504,-0.00167,-0.00791,0,0.00022
2020-11-02,-0.02059,-0.01368,-0.03949,-0.03693,-0.06363,-0.06627,-0.05194,-0.03239,-0.03387,-0.08789,-0.03236,-0.06386,0.02192,-0.03657,0,-0.04628,-0.05161,0,0,-0.01842
